student_id,name,age,department,marks,attendance
1,Student_1,23,CSE,38,89.66
2,Student_2,19,ECE,52,89.46
3,Student_3,23,IT,46,83.62
4,Student_4,18,CSE,46,68.75
5,Student_5,22,CIVIL,38,82.45
6,Student_6,23,IT,88,68.82
7,Student_7,22,EEE,35,90.35
8,Student_8,19,IT,89,73.61
9,Student_9,19,ECE,78,64.09
10,Student_10,21,CSE,80,93.9
11,Student_11,22,EEE,40,89.19
12,Student_12,22,CSE,83,63.15
13,Student_13,20,IT,81,83.09
14,Student_14,23,CSE,40,86.45
15,Student_15,24,EEE,45,94.21
16,Student_16,24,CSE,83,71.12
17,Student_17,23,EEE,55,74.81
18,Student_18,19,IT,69,88.07
19,Student_19,23,IT,44,84.37
20,Student_20,19,CIVIL,66,66.54
21,Student_21,21,EEE,63,87.38
22,Student_22,24,CSE,64,92.87
23,Student_23,24,EEE,86,70.71
24,Student_24,19,CIVIL,75,68.51
25,Student_25,21,MECH,93,65.71
26,Student_26,19,ECE,68,89.88
27,Student_27,21,CIVIL,86,74.48
28,Student_28,19,CIVIL,98,63.64
29,Student_29,18,CSE,54,85.1
30,Student_30,24,IT,89,83.86
31,Student_31,21,MECH,94,81.16
32,Student_32,22,CSE,49,87.27
33,Student_33,22,EEE,78,64.46
34,Student_34,21,ECE,93,60.13
35,Student_35,23,IT,68,98.88
36,Student_36,24,ECE,99,96.51
37,Student_37,24,IT,73,93.67
38,Student_38,22,CIVIL,60,66.11
39,Student_39,24,ECE,35,83.96
40,Student_40,21,CSE,49,97.16
41,Student_41,24,EEE,65,62.32
42,Student_42,22,CSE,45,89.28
43,Student_43,24,CSE,51,65.14
44,Student_44,21,CIVIL,56,70.6
45,Student_45,24,CIVIL,89,98.57
46,Student_46,22,IT,60,88.52
47,Student_47,21,IT,82,77.52
48,Student_48,22,MECH,50,69.92
49,Student_49,18,EEE,37,83.53
50,Student_50,19,CIVIL,63,60.29
51,Student_51,23,IT,42,69.16
52,Student_52,18,EEE,44,80.57
53,Student_53,20,IT,97,68.57
54,Student_54,19,IT,95,69.72
55,Student_55,21,MECH,59,63.77
56,Student_56,23,MECH,80,76.94
57,Student_57,21,IT,41,86.93
58,Student_58,23,CSE,42,76.1
59,Student_59,20,CSE,66,67.66
60,Student_60,22,MECH,52,76.88
61,Student_61,20,MECH,66,94.98
62,Student_62,18,MECH,47,62.02
63,Student_63,22,CSE,46,97.05
64,Student_64,24,ECE,56,76.26
65,Student_65,21,ECE,86,96.1
66,Student_66,19,MECH,35,99.41
67,Student_67,20,MECH,71,76.92
68,Student_68,23,CIVIL,97,66.19
69,Student_69,20,ECE,42,83.17
70,Student_70,22,CSE,75,62.29
71,Student_71,22,MECH,99,96.78
72,Student_72,22,ECE,42,98.43
73,Student_73,18,ECE,43,83.8
74,Student_74,23,ECE,86,64.8
75,Student_75,22,ECE,40,84.78
76,Student_76,21,IT,75,97.39
77,Student_77,19,IT,75,69.55
78,Student_78,21,ECE,73,78.29
79,Student_79,24,CSE,36,78.33
80,Student_80,22,CSE,44,81.51
81,Student_81,22,EEE,51,97.33
82,Student_82,18,ECE,82,71.4
83,Student_83,21,CIVIL,73,84.47
84,Student_84,24,IT,36,86.71
85,Student_85,22,EEE,48,97.56
86,Student_86,19,EEE,49,95.59
87,Student_87,23,CIVIL,54,70.89
88,Student_88,22,ECE,78,68.14
89,Student_89,23,EEE,99,79.54
90,Student_90,24,CSE,46,85.37
91,Student_91,24,EEE,40,60.14
92,Student_92,24,ECE,68,66.46
93,Student_93,21,CIVIL,89,82.44
94,Student_94,18,CSE,54,81.82
95,Student_95,24,EEE,53,77.19
96,Student_96,18,EEE,81,95.96
97,Student_97,24,CSE,80,68.4
98,Student_98,19,IT,48,74.15
99,Student_99,22,MECH,54,97.03
100,Student_100,19,ECE,57,95.26
101,Student_101,18,ECE,77,91.3
102,Student_102,21,IT,66,70.67
103,Student_103,24,IT,48,75.3
104,Student_104,18,MECH,63,67.98
105,Student_105,21,EEE,74,92.82
106,Student_106,24,ECE,63,60.95
107,Student_107,19,MECH,77,71.14
108,Student_108,18,EEE,79,85.66
109,Student_109,21,IT,77,97.57
110,Student_110,18,EEE,57,83.22
111,Student_111,20,CSE,48,83.86
112,Student_112,20,IT,75,77.46
113,Student_113,22,CSE,84,95.98
114,Student_114,19,EEE,40,88.35
115,Student_115,18,CIVIL,60,74.57
116,Student_116,18,IT,77,84.93
117,Student_117,23,CSE,73,80.28
118,Student_118,23,MECH,76,76.1
119,Student_119,20,CIVIL,51,67.67
120,Student_120,23,MECH,57,84.62
121,Student_121,20,MECH,35,72.15
122,Student_122,19,MECH,76,78.6
123,Student_123,21,IT,62,80.45
124,Student_124,24,IT,56,86.35
125,Student_125,20,CIVIL,77,63.74
126,Student_126,24,ECE,74,68.99
127,Student_127,19,ECE,38,61.85
128,Student_128,21,CIVIL,44,78.22
129,Student_129,23,CIVIL,59,88.73
130,Student_130,21,MECH,86,69.76
131,Student_131,23,IT,35,95.71
132,Student_132,24,CSE,89,68.75
133,Student_133,24,IT,94,62.01
134,Student_134,19,CSE,93,65.33
135,Student_135,21,IT,75,98.0
136,Student_136,21,CIVIL,99,77.07
137,Student_137,22,MECH,55,89.75
138,Student_138,21,MECH,68,90.07
139,Student_139,24,IT,70,90.63
140,Student_140,22,MECH,65,70.98
141,Student_141,18,IT,71,69.38
142,Student_142,20,EEE,45,65.53
143,Student_143,19,MECH,54,88.26
144,Student_144,18,MECH,87,73.24
145,Student_145,21,MECH,42,68.27
146,Student_146,21,MECH,37,94.27
147,Student_147,24,CIVIL,83,79.08
148,Student_148,20,EEE,84,94.14
149,Student_149,24,MECH,63,79.53
150,Student_150,20,MECH,97,61.16
151,Student_151,20,IT,86,88.97
152,Student_152,24,MECH,51,99.23
153,Student_153,22,CSE,85,83.68
154,Student_154,23,CSE,45,85.71
155,Student_155,19,MECH,58,62.01
156,Student_156,21,EEE,62,78.19
157,Student_157,20,MECH,70,90.08
158,Student_158,24,MECH,67,93.4
159,Student_159,21,CSE,41,100.0
160,Student_160,20,ECE,43,91.25
161,Student_161,23,CSE,38,97.98
162,Student_162,19,CSE,54,69.54
163,Student_163,21,IT,49,82.56
164,Student_164,19,MECH,67,90.68
165,Student_165,19,CIVIL,49,91.11
166,Student_166,19,EEE,48,83.15
167,Student_167,20,CIVIL,83,75.87
168,Student_168,23,ECE,44,83.68
169,Student_169,24,IT,66,64.08
170,Student_170,24,EEE,50,91.85
171,Student_171,22,CSE,79,81.31
172,Student_172,23,EEE,43,80.24
173,Student_173,20,CSE,88,92.89
174,Student_174,18,MECH,81,85.42
175,Student_175,24,MECH,54,77.42
176,Student_176,23,CIVIL,69,84.64
177,Student_177,22,MECH,94,77.42
178,Student_178,23,CIVIL,69,72.89
179,Student_179,19,CSE,70,95.27
180,Student_180,19,MECH,83,73.46
181,Student_181,21,EEE,58,79.5
182,Student_182,20,EEE,78,71.19
183,Student_183,22,IT,70,82.23
184,Student_184,22,ECE,45,69.65
185,Student_185,21,MECH,65,87.62
186,Student_186,23,IT,97,77.93
187,Student_187,18,CSE,72,68.86
188,Student_188,23,ECE,74,86.56
189,Student_189,20,MECH,79,77.02
190,Student_190,23,CIVIL,77,74.07
191,Student_191,21,EEE,74,70.06
192,Student_192,18,IT,59,72.62
193,Student_193,23,CIVIL,58,67.66
194,Student_194,23,MECH,70,88.98
195,Student_195,24,CIVIL,71,99.22
196,Student_196,24,ECE,72,69.1
197,Student_197,19,EEE,36,88.32
198,Student_198,19,EEE,40,98.97
199,Student_199,22,EEE,51,85.51
200,Student_200,24,MECH,48,94.91
201,Student_201,22,EEE,95,79.15
202,Student_202,20,ECE,41,70.1
203,Student_203,24,MECH,49,92.88
204,Student_204,21,MECH,44,83.08
205,Student_205,23,CSE,54,65.97
206,Student_206,22,EEE,45,99.76
207,Student_207,18,CIVIL,88,84.25
208,Student_208,24,CIVIL,63,91.03
209,Student_209,21,MECH,91,71.89
210,Student_210,22,MECH,74,82.75
211,Student_211,18,CIVIL,47,97.9
212,Student_212,19,IT,62,70.59
213,Student_213,18,ECE,65,66.95
214,Student_214,18,ECE,35,76.34
215,Student_215,23,CIVIL,95,71.65
216,Student_216,19,EEE,71,88.12
217,Student_217,21,CSE,64,96.96
218,Student_218,24,IT,60,77.01
219,Student_219,22,ECE,54,96.34
220,Student_220,24,ECE,44,62.39
221,Student_221,24,EEE,71,77.57
222,Student_222,21,IT,73,87.99
223,Student_223,20,CIVIL,98,77.51
224,Student_224,22,CSE,90,89.38
225,Student_225,22,EEE,38,63.65
226,Student_226,23,CIVIL,37,99.98
227,Student_227,23,EEE,40,90.52
228,Student_228,19,MECH,91,96.64
229,Student_229,19,CIVIL,90,85.39
230,Student_230,21,CSE,95,73.92
231,Student_231,20,EEE,48,94.31
232,Student_232,20,MECH,98,71.53
233,Student_233,21,CIVIL,39,78.19
234,Student_234,20,EEE,76,64.64
235,Student_235,24,MECH,100,93.0
236,Student_236,18,IT,94,76.53
237,Student_237,19,CIVIL,81,84.91
238,Student_238,21,IT,91,90.4
239,Student_239,19,EEE,51,97.11
240,Student_240,21,IT,97,64.86
241,Student_241,23,CIVIL,65,88.39
242,Student_242,20,CIVIL,36,82.09
243,Student_243,18,ECE,49,78.46
244,Student_244,18,IT,54,79.94
245,Student_245,23,EEE,100,88.22
246,Student_246,21,MECH,95,69.75
247,Student_247,22,ECE,84,67.62
248,Student_248,22,CIVIL,52,94.56
249,Student_249,20,MECH,78,97.37
250,Student_250,22,EEE,35,71.31
251,Student_251,20,CIVIL,97,94.61
252,Student_252,21,CIVIL,96,73.8
253,Student_253,22,CIVIL,83,78.21
254,Student_254,20,ECE,65,82.87
255,Student_255,19,MECH,40,72.73
256,Student_256,21,IT,83,75.44
257,Student_257,23,IT,54,79.81
258,Student_258,18,ECE,99,98.61
259,Student_259,20,CSE,91,63.99
260,Student_260,21,CSE,53,76.4
261,Student_261,23,ECE,44,78.78
262,Student_262,20,EEE,85,85.99
263,Student_263,24,EEE,83,98.17
264,Student_264,23,IT,97,94.9
265,Student_265,18,CIVIL,43,69.39
266,Student_266,23,EEE,64,89.87
267,Student_267,21,CSE,47,77.75
268,Student_268,23,EEE,38,61.84
269,Student_269,24,CSE,72,74.34
270,Student_270,21,ECE,66,81.25
271,Student_271,22,IT,58,66.8
272,Student_272,18,CIVIL,83,84.79
273,Student_273,19,MECH,53,69.29
274,Student_274,23,EEE,93,70.21
275,Student_275,18,MECH,71,87.1
276,Student_276,19,CSE,91,97.81
277,Student_277,22,EEE,89,87.61
278,Student_278,21,EEE,60,99.97
279,Student_279,24,MECH,48,69.49
280,Student_280,22,EEE,72,99.71
281,Student_281,20,CSE,85,70.98
282,Student_282,22,IT,41,96.42
283,Student_283,23,MECH,71,91.03
284,Student_284,19,CIVIL,80,68.76
285,Student_285,19,CIVIL,67,87.11
286,Student_286,23,IT,52,85.13
287,Student_287,23,IT,40,72.36
288,Student_288,21,CSE,81,89.29
289,Student_289,18,EEE,76,89.9
290,Student_290,19,ECE,51,91.46
291,Student_291,20,CIVIL,99,96.54
292,Student_292,24,ECE,67,96.56
293,Student_293,21,EEE,78,92.17
294,Student_294,21,CSE,53,90.17
295,Student_295,19,IT,85,98.69
296,Student_296,24,CIVIL,81,63.61
297,Student_297,21,CSE,68,81.46
298,Student_298,21,EEE,68,83.38
299,Student_299,24,IT,82,64.33
300,Student_300,19,MECH,38,84.78
301,Student_301,22,EEE,63,85.91
302,Student_302,23,MECH,73,85.97
303,Student_303,18,ECE,40,97.85
304,Student_304,20,MECH,49,63.89
305,Student_305,22,ECE,84,78.15
306,Student_306,23,IT,88,83.49
307,Student_307,23,ECE,88,86.2
308,Student_308,24,MECH,87,97.56
309,Student_309,20,CSE,82,68.69
310,Student_310,21,ECE,81,63.97
311,Student_311,23,EEE,80,62.42
312,Student_312,20,ECE,50,97.96
313,Student_313,24,MECH,46,86.51
314,Student_314,23,IT,37,62.02
315,Student_315,20,ECE,51,91.48
316,Student_316,19,CSE,61,83.46
317,Student_317,24,ECE,77,90.97
318,Student_318,24,CIVIL,35,71.09
319,Student_319,19,ECE,67,91.94
320,Student_320,18,IT,38,65.27
321,Student_321,20,ECE,76,60.63
322,Student_322,20,CSE,51,89.67
323,Student_323,22,CSE,43,79.05
324,Student_324,24,EEE,100,83.75
325,Student_325,21,CIVIL,63,97.82
326,Student_326,18,IT,73,78.32
327,Student_327,18,CSE,96,93.89
328,Student_328,21,IT,48,79.61
329,Student_329,21,CSE,45,72.88
330,Student_330,19,CSE,51,71.0
331,Student_331,23,CIVIL,76,75.24
332,Student_332,22,CIVIL,72,78.15
333,Student_333,22,MECH,47,91.72
334,Student_334,18,IT,62,77.2
335,Student_335,19,MECH,78,93.1
336,Student_336,21,MECH,47,72.5
337,Student_337,20,IT,67,74.97
338,Student_338,19,IT,95,62.69
339,Student_339,24,CSE,46,77.28
340,Student_340,23,IT,82,92.47
341,Student_341,22,CSE,77,86.8
342,Student_342,21,EEE,89,94.72
343,Student_343,23,CSE,71,84.02
344,Student_344,20,CSE,99,68.51
345,Student_345,23,MECH,63,93.89
346,Student_346,20,CIVIL,82,64.6
347,Student_347,20,CIVIL,63,92.29
348,Student_348,24,CIVIL,38,84.36
349,Student_349,23,IT,69,61.16
350,Student_350,20,IT,74,96.86
351,Student_351,20,CSE,58,94.79
352,Student_352,22,IT,86,62.78
353,Student_353,23,IT,38,63.67
354,Student_354,22,ECE,83,76.79
355,Student_355,20,ECE,82,72.47
356,Student_356,20,CIVIL,45,95.33
357,Student_357,19,ECE,41,86.96
358,Student_358,20,MECH,89,79.43
359,Student_359,21,MECH,69,68.62
360,Student_360,22,CSE,79,77.2
361,Student_361,20,IT,97,81.08
362,Student_362,20,CSE,63,75.81
363,Student_363,22,CSE,35,68.18
364,Student_364,19,ECE,67,71.58
365,Student_365,18,CSE,98,89.88
366,Student_366,19,ECE,83,81.3
367,Student_367,19,CIVIL,80,62.88
368,Student_368,24,IT,40,77.45
369,Student_369,21,CSE,75,83.03
370,Student_370,22,MECH,88,71.58
371,Student_371,21,CSE,76,66.87
372,Student_372,22,MECH,81,63.53
373,Student_373,24,CSE,66,77.43
374,Student_374,21,CIVIL,45,75.83
375,Student_375,20,IT,78,68.86
376,Student_376,24,ECE,44,80.42
377,Student_377,18,CIVIL,100,67.76
378,Student_378,24,EEE,79,89.1
379,Student_379,24,IT,53,69.45
380,Student_380,19,EEE,60,66.94
381,Student_381,19,IT,44,67.09
382,Student_382,24,IT,98,78.56
383,Student_383,22,CIVIL,92,87.25
384,Student_384,22,IT,76,94.57
385,Student_385,23,EEE,54,77.59
386,Student_386,21,MECH,73,91.85
387,Student_387,22,CSE,80,80.29
388,Student_388,20,MECH,92,61.5
389,Student_389,20,EEE,44,85.79
390,Student_390,24,CSE,99,75.38
391,Student_391,22,CIVIL,40,77.99
392,Student_392,24,CIVIL,59,72.86
393,Student_393,21,CIVIL,54,98.31
394,Student_394,21,CSE,78,99.3
395,Student_395,18,CIVIL,57,61.57
396,Student_396,23,MECH,91,80.96
397,Student_397,22,ECE,81,74.91
398,Student_398,20,MECH,87,90.98
399,Student_399,23,CIVIL,41,91.57
400,Student_400,23,EEE,43,73.19
401,Student_401,22,IT,84,71.37
402,Student_402,23,IT,54,73.33
403,Student_403,22,IT,53,96.67
404,Student_404,20,IT,85,65.16
405,Student_405,23,CSE,74,82.36
406,Student_406,23,EEE,51,86.8
407,Student_407,24,IT,46,85.84
408,Student_408,21,CIVIL,81,60.73
409,Student_409,20,ECE,62,73.67
410,Student_410,24,MECH,59,69.06
411,Student_411,19,ECE,44,71.83
412,Student_412,24,CSE,99,90.83
413,Student_413,24,IT,39,86.48
414,Student_414,24,CIVIL,51,83.89
415,Student_415,19,ECE,58,93.25
416,Student_416,24,CIVIL,56,88.85
417,Student_417,18,MECH,81,87.05
418,Student_418,19,MECH,71,90.1
419,Student_419,24,MECH,64,81.36
420,Student_420,20,MECH,59,74.71
421,Student_421,22,MECH,94,90.78
422,Student_422,24,MECH,99,81.1
423,Student_423,19,ECE,52,94.92
424,Student_424,18,IT,96,94.96
425,Student_425,22,CSE,50,71.4
426,Student_426,24,ECE,69,77.97
427,Student_427,22,ECE,90,63.67
428,Student_428,19,MECH,79,97.22
429,Student_429,21,CSE,85,80.08
430,Student_430,19,MECH,45,75.0
431,Student_431,18,EEE,47,93.57
432,Student_432,23,EEE,53,65.5
433,Student_433,20,MECH,52,90.35
434,Student_434,21,MECH,35,96.23
435,Student_435,18,EEE,62,93.4
436,Student_436,22,IT,89,64.45
437,Student_437,20,ECE,73,64.87
438,Student_438,19,MECH,93,62.51
439,Student_439,24,MECH,37,85.28
440,Student_440,22,ECE,53,71.65
441,Student_441,18,CIVIL,80,69.62
442,Student_442,21,ECE,45,80.94
443,Student_443,20,CSE,99,91.46
444,Student_444,22,CIVIL,37,75.62
445,Student_445,21,CSE,84,99.24
446,Student_446,20,IT,37,74.28
447,Student_447,18,EEE,65,89.32
448,Student_448,23,CSE,77,65.34
449,Student_449,20,CIVIL,78,92.54
450,Student_450,19,IT,94,99.23
451,Student_451,21,IT,58,92.46
452,Student_452,18,IT,93,61.48
453,Student_453,19,CSE,60,95.43
454,Student_454,20,EEE,100,75.93
455,Student_455,24,CIVIL,95,70.13
456,Student_456,24,IT,59,71.44
457,Student_457,24,CSE,77,70.93
458,Student_458,24,EEE,90,95.58
459,Student_459,23,MECH,84,73.56
460,Student_460,19,MECH,98,74.69
461,Student_461,24,CIVIL,69,92.05
462,Student_462,23,MECH,45,77.22
463,Student_463,24,ECE,72,72.85
464,Student_464,18,EEE,72,72.26
465,Student_465,22,IT,89,66.67
466,Student_466,21,EEE,92,61.69
467,Student_467,24,EEE,90,70.98
468,Student_468,24,CSE,44,86.85
469,Student_469,21,EEE,100,92.04
470,Student_470,23,ECE,38,65.71
471,Student_471,22,IT,91,61.39
472,Student_472,18,ECE,81,74.49
473,Student_473,22,CSE,54,87.16
474,Student_474,20,EEE,91,90.52
475,Student_475,22,ECE,81,75.92
476,Student_476,23,EEE,66,98.42
477,Student_477,18,IT,58,79.96
478,Student_478,21,CIVIL,50,70.47
479,Student_479,20,IT,92,68.58
480,Student_480,22,EEE,97,68.01
481,Student_481,19,CSE,92,66.91
482,Student_482,23,MECH,46,92.42
483,Student_483,24,EEE,79,88.38
484,Student_484,22,CIVIL,72,95.65
485,Student_485,24,ECE,57,91.75
486,Student_486,22,ECE,50,99.41
487,Student_487,24,ECE,65,91.61
488,Student_488,18,EEE,82,78.7
489,Student_489,22,ECE,46,62.63
490,Student_490,21,IT,96,81.03
491,Student_491,24,MECH,44,65.01
492,Student_492,20,IT,44,78.0
493,Student_493,23,CIVIL,79,65.13
494,Student_494,24,CIVIL,58,90.71
495,Student_495,19,MECH,99,96.43
496,Student_496,18,CSE,54,72.16
497,Student_497,19,EEE,63,73.84
498,Student_498,22,EEE,45,70.02
499,Student_499,23,CIVIL,70,65.01
500,Student_500,20,CIVIL,46,80.1
501,Student_501,19,CIVIL,54,66.85
502,Student_502,22,IT,78,93.7
503,Student_503,22,CSE,38,63.25
504,Student_504,23,CIVIL,68,86.05
505,Student_505,24,CIVIL,88,84.72
506,Student_506,18,MECH,72,85.68
507,Student_507,20,MECH,66,92.19
508,Student_508,23,MECH,73,78.14
509,Student_509,23,CSE,55,77.58
510,Student_510,21,MECH,61,73.61
511,Student_511,19,EEE,75,89.37
512,Student_512,24,EEE,86,65.23
513,Student_513,20,CIVIL,48,72.76
514,Student_514,21,CSE,69,77.98
515,Student_515,19,CSE,41,71.61
516,Student_516,21,CIVIL,88,69.93
517,Student_517,24,ECE,76,97.35
518,Student_518,23,EEE,59,90.52
519,Student_519,21,CIVIL,94,79.95
520,Student_520,20,MECH,37,63.6
521,Student_521,21,CIVIL,93,98.67
522,Student_522,19,CIVIL,80,61.95
523,Student_523,20,MECH,95,71.43
524,Student_524,18,CSE,90,65.36
525,Student_525,20,IT,81,90.55
526,Student_526,20,CSE,86,62.05
527,Student_527,22,ECE,81,82.13
528,Student_528,18,MECH,99,78.01
529,Student_529,22,EEE,50,65.15
530,Student_530,18,MECH,82,91.8
531,Student_531,20,CIVIL,81,90.2
532,Student_532,19,CIVIL,100,76.06
533,Student_533,18,CSE,39,65.48
534,Student_534,20,MECH,93,65.96
535,Student_535,22,ECE,76,97.25
536,Student_536,20,ECE,85,99.62
537,Student_537,23,EEE,78,80.29
538,Student_538,22,CIVIL,97,88.35
539,Student_539,20,MECH,37,74.73
540,Student_540,23,CSE,88,83.35
541,Student_541,24,IT,38,83.88
542,Student_542,20,IT,64,88.86
543,Student_543,22,MECH,56,80.97
544,Student_544,23,CIVIL,83,65.91
545,Student_545,23,ECE,39,82.9
546,Student_546,23,CSE,59,60.76
547,Student_547,20,MECH,54,76.52
548,Student_548,19,MECH,99,91.0
549,Student_549,21,IT,42,88.23
550,Student_550,22,ECE,76,99.92
551,Student_551,21,CIVIL,83,72.55
552,Student_552,19,MECH,78,81.85
553,Student_553,23,IT,68,84.4
554,Student_554,19,ECE,70,82.32
555,Student_555,19,EEE,71,88.2
556,Student_556,23,IT,97,72.68
557,Student_557,20,CIVIL,70,71.51
558,Student_558,22,IT,83,95.83
559,Student_559,21,EEE,53,71.62
560,Student_560,20,IT,45,73.85
561,Student_561,21,IT,67,89.89
562,Student_562,19,ECE,69,97.32
563,Student_563,23,EEE,52,64.37
564,Student_564,23,CIVIL,65,69.7
565,Student_565,23,CIVIL,63,85.52
566,Student_566,18,CSE,87,73.21
567,Student_567,21,CSE,52,60.21
568,Student_568,22,ECE,87,86.12
569,Student_569,21,MECH,60,90.24
570,Student_570,20,EEE,71,85.84
571,Student_571,24,CSE,64,81.41
572,Student_572,23,CSE,57,76.72
573,Student_573,24,ECE,39,99.89
574,Student_574,21,MECH,58,97.46
575,Student_575,24,EEE,39,60.37
576,Student_576,22,CIVIL,48,97.14
577,Student_577,20,EEE,93,99.56
578,Student_578,22,CIVIL,98,95.57
579,Student_579,19,CIVIL,94,70.91
580,Student_580,24,CSE,77,66.5
581,Student_581,21,IT,67,88.74
582,Student_582,18,IT,78,91.63
583,Student_583,22,IT,59,67.02
584,Student_584,24,IT,86,93.08
585,Student_585,22,EEE,46,76.03
586,Student_586,18,ECE,52,79.1
587,Student_587,19,CSE,68,75.34
588,Student_588,21,EEE,77,72.08
589,Student_589,23,CIVIL,36,70.46
590,Student_590,20,IT,65,62.48
591,Student_591,18,MECH,74,66.39
592,Student_592,23,CIVIL,74,87.61
593,Student_593,23,EEE,82,84.59
594,Student_594,19,ECE,96,66.13
595,Student_595,23,CIVIL,82,76.63
596,Student_596,22,MECH,62,90.47
597,Student_597,23,CIVIL,45,81.02
598,Student_598,22,IT,81,63.12
599,Student_599,22,CSE,42,93.15
600,Student_600,22,ECE,54,66.58
601,Student_601,24,CIVIL,91,64.65
602,Student_602,19,IT,97,63.64
603,Student_603,22,MECH,42,78.14
604,Student_604,22,MECH,93,82.56
605,Student_605,22,MECH,74,88.93
606,Student_606,21,EEE,35,89.83
607,Student_607,22,CSE,40,76.95
608,Student_608,23,CSE,42,97.38
609,Student_609,18,MECH,39,71.48
610,Student_610,19,ECE,88,74.98
611,Student_611,21,MECH,83,75.03
612,Student_612,23,IT,52,86.14
613,Student_613,20,CSE,57,99.71
614,Student_614,21,CIVIL,51,89.11
615,Student_615,19,CSE,37,99.14
616,Student_616,21,IT,89,81.28
617,Student_617,24,ECE,66,78.43
618,Student_618,19,EEE,59,97.5
619,Student_619,23,CSE,39,92.38
620,Student_620,21,CIVIL,37,69.63
621,Student_621,18,CSE,39,77.86
622,Student_622,23,IT,41,69.79
623,Student_623,18,MECH,91,69.37
624,Student_624,19,CSE,52,80.16
625,Student_625,20,ECE,75,83.1
626,Student_626,24,IT,76,69.48
627,Student_627,19,IT,63,76.54
628,Student_628,20,CSE,57,85.04
629,Student_629,21,CIVIL,98,61.88
630,Student_630,20,IT,83,91.43
631,Student_631,20,IT,88,76.33
632,Student_632,20,MECH,58,90.18
633,Student_633,21,ECE,63,72.03
634,Student_634,23,ECE,94,96.59
635,Student_635,22,MECH,88,82.29
636,Student_636,19,MECH,66,70.2
637,Student_637,20,IT,45,96.89
638,Student_638,24,EEE,46,81.43
639,Student_639,24,ECE,41,70.74
640,Student_640,23,CIVIL,40,94.94
641,Student_641,19,CIVIL,62,79.18
642,Student_642,24,EEE,73,98.28
643,Student_643,18,ECE,59,98.48
644,Student_644,18,IT,96,96.58
645,Student_645,23,CIVIL,61,75.87
646,Student_646,19,CIVIL,76,91.02
647,Student_647,21,MECH,80,72.34
648,Student_648,20,CIVIL,98,78.64
649,Student_649,24,IT,95,90.47
650,Student_650,20,ECE,82,72.52
651,Student_651,18,CIVIL,63,89.65
652,Student_652,18,EEE,88,71.81
653,Student_653,19,EEE,64,75.19
654,Student_654,24,ECE,98,82.03
655,Student_655,23,EEE,67,90.53
656,Student_656,21,IT,97,78.43
657,Student_657,23,EEE,56,65.6
658,Student_658,22,MECH,58,96.68
659,Student_659,22,IT,42,80.96
660,Student_660,24,CSE,41,90.57
661,Student_661,21,ECE,64,62.72
662,Student_662,19,CSE,62,80.23
663,Student_663,20,CSE,96,86.37
664,Student_664,18,CSE,87,60.47
665,Student_665,22,IT,70,81.43
666,Student_666,20,CSE,99,92.53
667,Student_667,23,MECH,57,64.28
668,Student_668,18,CIVIL,54,69.64
669,Student_669,22,CIVIL,67,92.61
670,Student_670,20,MECH,45,74.92
671,Student_671,21,MECH,66,99.61
672,Student_672,19,EEE,45,86.15
673,Student_673,24,IT,39,63.74
674,Student_674,21,MECH,95,62.24
675,Student_675,18,IT,56,63.31
676,Student_676,24,MECH,77,82.63
677,Student_677,24,CSE,40,69.19
678,Student_678,24,IT,95,70.84
679,Student_679,18,IT,70,95.97
680,Student_680,22,IT,39,67.17
681,Student_681,24,EEE,37,98.46
682,Student_682,22,ECE,85,97.15
683,Student_683,20,ECE,65,82.67
684,Student_684,24,MECH,77,75.35
685,Student_685,23,ECE,45,80.03
686,Student_686,20,CSE,47,77.48
687,Student_687,24,CSE,78,84.21
688,Student_688,22,CIVIL,85,98.76
689,Student_689,20,CSE,69,91.34
690,Student_690,21,MECH,64,74.23
691,Student_691,21,MECH,58,87.19
692,Student_692,23,MECH,45,90.89
693,Student_693,20,ECE,44,63.28
694,Student_694,19,MECH,54,89.59
695,Student_695,20,EEE,48,63.66
696,Student_696,20,MECH,81,90.45
697,Student_697,18,ECE,46,67.5
698,Student_698,21,CIVIL,100,76.32
699,Student_699,18,CSE,80,82.17
700,Student_700,22,CIVIL,76,94.55
701,Student_701,18,EEE,87,75.51
702,Student_702,18,IT,66,82.88
703,Student_703,19,IT,83,66.78
704,Student_704,20,EEE,69,79.72
705,Student_705,18,ECE,90,71.04
706,Student_706,20,MECH,44,74.44
707,Student_707,19,IT,98,83.75
708,Student_708,19,MECH,48,65.42
709,Student_709,18,MECH,77,93.66
710,Student_710,21,EEE,91,73.39
711,Student_711,24,IT,52,72.02
712,Student_712,22,IT,60,79.16
713,Student_713,19,MECH,75,71.66
714,Student_714,23,IT,97,98.71
715,Student_715,24,ECE,76,75.04
716,Student_716,24,MECH,81,64.56
717,Student_717,22,ECE,58,87.27
718,Student_718,22,CSE,94,97.72
719,Student_719,19,MECH,72,93.25
720,Student_720,18,MECH,98,65.57
721,Student_721,20,ECE,67,86.35
722,Student_722,23,MECH,83,62.96
723,Student_723,22,MECH,86,81.37
724,Student_724,24,IT,88,81.75
725,Student_725,24,EEE,45,64.37
726,Student_726,19,IT,80,66.65
727,Student_727,22,CSE,86,98.67
728,Student_728,20,MECH,48,60.42
729,Student_729,20,ECE,100,89.87
730,Student_730,22,CIVIL,63,77.83
731,Student_731,21,MECH,99,66.03
732,Student_732,18,MECH,48,71.82
733,Student_733,18,CSE,53,73.93
734,Student_734,20,MECH,61,80.84
735,Student_735,20,MECH,47,77.53
736,Student_736,23,MECH,75,62.69
737,Student_737,18,IT,49,60.9
738,Student_738,20,IT,48,87.09
739,Student_739,19,IT,66,80.64
740,Student_740,22,ECE,77,82.39
741,Student_741,21,ECE,86,85.19
742,Student_742,19,IT,90,75.82
743,Student_743,23,CIVIL,60,77.98
744,Student_744,21,MECH,35,88.19
745,Student_745,19,EEE,43,83.09
746,Student_746,24,CIVIL,58,74.63
747,Student_747,19,MECH,49,70.49
748,Student_748,24,MECH,75,83.88
749,Student_749,22,MECH,49,73.92
750,Student_750,24,MECH,57,92.55
751,Student_751,23,EEE,45,86.88
752,Student_752,20,CSE,65,72.22
753,Student_753,19,EEE,53,80.43
754,Student_754,21,CIVIL,52,82.99
755,Student_755,21,ECE,97,85.42
756,Student_756,23,IT,57,82.2
757,Student_757,21,EEE,52,67.48
758,Student_758,24,MECH,41,94.62
759,Student_759,18,MECH,52,67.81
760,Student_760,21,CIVIL,99,86.12
761,Student_761,21,IT,97,76.63
762,Student_762,24,MECH,97,66.69
763,Student_763,22,CSE,63,71.68
764,Student_764,20,ECE,71,66.73
765,Student_765,21,CIVIL,98,81.99
766,Student_766,18,CIVIL,49,70.72
767,Student_767,22,EEE,40,90.4
768,Student_768,21,CIVIL,62,99.59
769,Student_769,18,IT,66,71.91
770,Student_770,18,MECH,68,73.94
771,Student_771,24,CSE,91,94.61
772,Student_772,18,ECE,61,92.43
773,Student_773,22,IT,79,94.44
774,Student_774,22,IT,89,66.64
775,Student_775,19,ECE,61,92.22
776,Student_776,22,EEE,70,83.87
777,Student_777,19,EEE,72,71.57
778,Student_778,20,CIVIL,47,65.42
779,Student_779,24,MECH,42,99.7
780,Student_780,24,IT,51,88.06
781,Student_781,19,ECE,53,88.46
782,Student_782,24,ECE,85,79.58
783,Student_783,22,IT,69,85.11
784,Student_784,21,MECH,44,85.35
785,Student_785,24,CSE,86,80.62
786,Student_786,20,IT,82,78.19
787,Student_787,21,EEE,35,94.76
788,Student_788,24,IT,46,89.24
789,Student_789,21,IT,80,94.0
790,Student_790,24,CIVIL,85,68.71
791,Student_791,21,ECE,98,70.74
792,Student_792,24,EEE,78,81.89
793,Student_793,19,CIVIL,97,91.53
794,Student_794,23,CSE,40,63.98
795,Student_795,24,MECH,37,64.97
796,Student_796,24,ECE,91,78.26
797,Student_797,21,ECE,51,95.29
798,Student_798,20,ECE,70,63.73
799,Student_799,20,EEE,45,74.87
800,Student_800,23,ECE,41,75.85
801,Student_801,20,IT,64,77.17
802,Student_802,18,IT,47,60.04
803,Student_803,21,CSE,51,83.75
804,Student_804,22,IT,91,60.37
805,Student_805,23,EEE,50,99.53
806,Student_806,21,IT,51,79.11
807,Student_807,19,MECH,46,89.23
808,Student_808,18,CSE,75,74.7
809,Student_809,20,ECE,83,90.94
810,Student_810,24,ECE,53,62.74
811,Student_811,22,CSE,56,77.6
812,Student_812,23,ECE,54,96.8
813,Student_813,22,IT,91,94.4
814,Student_814,18,CSE,52,90.1
815,Student_815,22,IT,84,74.06
816,Student_816,21,EEE,52,69.91
817,Student_817,23,CSE,66,82.14
818,Student_818,22,IT,71,91.16
819,Student_819,23,CSE,73,68.22
820,Student_820,22,CIVIL,59,89.91
821,Student_821,20,IT,41,91.35
822,Student_822,24,ECE,98,75.44
823,Student_823,19,MECH,44,81.13
824,Student_824,18,EEE,75,65.28
825,Student_825,24,CIVIL,88,74.62
826,Student_826,23,ECE,95,98.18
827,Student_827,24,CSE,37,83.49
828,Student_828,18,EEE,62,61.59
829,Student_829,18,MECH,99,71.46
830,Student_830,23,CIVIL,88,76.94
831,Student_831,21,CSE,54,71.1
832,Student_832,20,CSE,100,96.84
833,Student_833,24,ECE,76,75.63
834,Student_834,23,IT,43,72.41
835,Student_835,21,IT,65,62.32
836,Student_836,18,MECH,49,78.13
837,Student_837,22,CSE,74,86.64
838,Student_838,23,IT,57,64.78
839,Student_839,23,ECE,36,66.55
840,Student_840,20,CIVIL,68,66.68
841,Student_841,19,IT,69,89.32
842,Student_842,18,CSE,77,92.28
843,Student_843,20,CIVIL,43,70.52
844,Student_844,22,IT,44,79.85
845,Student_845,22,EEE,42,79.98
846,Student_846,22,ECE,82,66.29
847,Student_847,24,CSE,49,69.14
848,Student_848,22,CSE,40,94.35
849,Student_849,18,ECE,40,78.87
850,Student_850,21,ECE,57,97.25
851,Student_851,24,CSE,88,68.98
852,Student_852,19,MECH,75,70.85
853,Student_853,18,CIVIL,82,64.78
854,Student_854,23,CSE,57,68.93
855,Student_855,22,CSE,86,62.76
856,Student_856,21,EEE,74,73.09
857,Student_857,22,MECH,36,74.76
858,Student_858,20,CIVIL,73,89.58
859,Student_859,19,MECH,82,83.67
860,Student_860,21,ECE,66,66.02
861,Student_861,21,CSE,64,81.66
862,Student_862,23,IT,36,98.04
863,Student_863,18,IT,83,93.96
864,Student_864,23,EEE,48,68.21
865,Student_865,19,MECH,97,98.45
866,Student_866,19,IT,70,63.72
867,Student_867,19,CIVIL,87,88.03
868,Student_868,20,MECH,45,83.23
869,Student_869,22,ECE,85,62.99
870,Student_870,22,CSE,90,86.5
871,Student_871,19,ECE,72,70.44
872,Student_872,20,MECH,76,72.72
873,Student_873,20,ECE,44,97.74
874,Student_874,19,CIVIL,48,66.22
875,Student_875,19,MECH,94,72.56
876,Student_876,18,CIVIL,80,98.59
877,Student_877,19,MECH,74,78.53
878,Student_878,24,CSE,46,66.3
879,Student_879,23,EEE,40,68.6
880,Student_880,24,EEE,53,63.65
881,Student_881,19,EEE,85,80.54
882,Student_882,23,EEE,68,92.8
883,Student_883,19,CSE,86,94.18
884,Student_884,22,IT,66,63.79
885,Student_885,18,ECE,50,60.48
886,Student_886,24,ECE,51,67.93
887,Student_887,21,EEE,45,83.29
888,Student_888,20,CSE,37,99.89
889,Student_889,19,IT,91,92.37
890,Student_890,18,EEE,50,61.71
891,Student_891,21,CSE,56,96.97
892,Student_892,21,IT,85,79.85
893,Student_893,21,IT,89,66.91
894,Student_894,19,ECE,70,71.19
895,Student_895,19,CSE,66,85.89
896,Student_896,21,MECH,96,62.44
897,Student_897,20,MECH,52,76.77
898,Student_898,23,CIVIL,66,85.23
899,Student_899,24,CIVIL,37,99.58
900,Student_900,24,IT,80,79.19
901,Student_901,24,MECH,79,96.51
902,Student_902,22,EEE,84,70.82
903,Student_903,18,EEE,63,61.17
904,Student_904,24,EEE,42,92.35
905,Student_905,21,CIVIL,80,90.67
906,Student_906,19,ECE,47,69.91
907,Student_907,19,EEE,42,90.56
908,Student_908,19,CIVIL,84,74.19
909,Student_909,24,ECE,57,69.46
910,Student_910,20,IT,80,96.56
911,Student_911,18,IT,80,97.9
912,Student_912,22,ECE,59,93.47
913,Student_913,24,MECH,74,67.02
914,Student_914,18,CSE,42,69.3
915,Student_915,19,CSE,96,60.03
916,Student_916,22,ECE,51,73.63
917,Student_917,19,EEE,42,60.88
918,Student_918,22,IT,53,90.97
919,Student_919,24,CIVIL,81,98.42
920,Student_920,20,IT,85,83.44
921,Student_921,20,EEE,76,65.46
922,Student_922,19,IT,90,91.67
923,Student_923,21,IT,75,66.97
924,Student_924,22,IT,80,68.93
925,Student_925,22,ECE,83,72.27
926,Student_926,23,EEE,51,67.11
927,Student_927,18,IT,85,94.03
928,Student_928,24,CIVIL,39,67.28
929,Student_929,20,CIVIL,63,85.59
930,Student_930,18,MECH,53,73.25
931,Student_931,18,ECE,79,99.3
932,Student_932,19,IT,46,92.87
933,Student_933,23,IT,77,77.87
934,Student_934,20,ECE,66,87.73
935,Student_935,20,EEE,48,88.82
936,Student_936,18,MECH,91,89.3
937,Student_937,19,MECH,98,95.27
938,Student_938,20,CIVIL,83,64.06
939,Student_939,21,CIVIL,63,66.51
940,Student_940,18,CSE,72,60.8
941,Student_941,20,CSE,44,73.67
942,Student_942,21,ECE,44,81.88
943,Student_943,18,EEE,96,88.18
944,Student_944,21,IT,56,84.29
945,Student_945,21,ECE,41,64.05
946,Student_946,19,ECE,87,87.89
947,Student_947,23,IT,68,86.42
948,Student_948,20,ECE,47,61.99
949,Student_949,22,CIVIL,97,66.14
950,Student_950,20,CSE,89,63.51
951,Student_951,24,IT,96,67.99
952,Student_952,18,ECE,56,85.53
953,Student_953,18,MECH,49,72.33
954,Student_954,21,MECH,97,95.8
955,Student_955,20,CSE,84,67.4
956,Student_956,21,EEE,58,77.83
957,Student_957,20,MECH,94,70.54
958,Student_958,24,EEE,42,66.05
959,Student_959,23,IT,47,63.43
960,Student_960,20,CIVIL,87,98.83
961,Student_961,22,ECE,42,93.63
962,Student_962,24,CIVIL,88,98.63
963,Student_963,23,MECH,65,79.05
964,Student_964,18,MECH,39,80.08
965,Student_965,22,CIVIL,53,64.81
966,Student_966,24,MECH,57,97.96
967,Student_967,19,ECE,59,65.05
968,Student_968,21,CSE,90,68.08
969,Student_969,24,IT,53,93.36
970,Student_970,20,EEE,43,63.48
971,Student_971,22,MECH,76,94.26
972,Student_972,22,MECH,36,91.46
973,Student_973,22,CIVIL,88,64.5
974,Student_974,19,ECE,47,97.0
975,Student_975,22,CSE,71,94.7
976,Student_976,20,MECH,68,75.32
977,Student_977,21,CIVIL,95,61.5
978,Student_978,20,MECH,53,84.73
979,Student_979,23,IT,86,61.55
980,Student_980,20,IT,65,61.97
981,Student_981,21,EEE,82,60.81
982,Student_982,24,EEE,74,71.21
983,Student_983,21,IT,47,98.9
984,Student_984,19,ECE,73,98.97
985,Student_985,21,EEE,69,89.15
986,Student_986,22,IT,46,67.52
987,Student_987,19,MECH,97,90.38
988,Student_988,24,EEE,42,80.61
989,Student_989,19,CSE,74,88.38
990,Student_990,21,ECE,38,66.95
991,Student_991,24,ECE,42,69.98
992,Student_992,21,CSE,81,88.19
993,Student_993,20,EEE,94,80.21
994,Student_994,23,CSE,38,69.68
995,Student_995,21,CIVIL,92,67.1
996,Student_996,24,MECH,79,73.77
997,Student_997,24,EEE,46,71.4
998,Student_998,21,CSE,55,94.15
999,Student_999,24,ECE,63,85.9
1000,Student_1000,23,ECE,69,86.06
